step	car0_posXfrac	car0_nextXfrac	car0_posX	car0_nextX	car0_spawnTargetX	car0_camHalfW	car0_posYfrac	car0_nextYfrac	car0_posY	car0_nextY	car0_spawnTargetY	car0_camHalfH	car0_targetVelX	car0_velX	car0_targetVelY	car0_velY	car0_heading	car0_speed	car0_state	car0_metaTile	car0_subCell	car0_terrainIdx	car0_terrainIdxPrev	car0_zVel	car0_height	car0_bounceOnLand	car0_dirByte	car0_dirBytePrev	car0_mapAttr	car0_levByte	car0_progressPrev	car0_progress	car0_progressChanged	car0_checkpointOff	car0_checkpointOffSaved	car0_isDrone	car0_lapsRemaining	car0_racePosition	car0_controlBits	car1_posXfrac	car1_nextXfrac	car1_posX	car1_nextX	car1_spawnTargetX	car1_camHalfW	car1_posYfrac	car1_nextYfrac	car1_posY	car1_nextY	car1_spawnTargetY	car1_camHalfH	car1_targetVelX	car1_velX	car1_targetVelY	car1_velY	car1_heading	car1_speed	car1_state	car1_metaTile	car1_subCell	car1_terrainIdx	car1_terrainIdxPrev	car1_zVel	car1_height	car1_bounceOnLand	car1_dirByte	car1_dirBytePrev	car1_mapAttr	car1_levByte	car1_progressPrev	car1_progress	car1_progressChanged	car1_checkpointOff	car1_checkpointOffSaved	car1_isDrone	car1_lapsRemaining	car1_racePosition	car1_controlBits	car2_posXfrac	car2_nextXfrac	car2_posX	car2_nextX	car2_spawnTargetX	car2_camHalfW	car2_posYfrac	car2_nextYfrac	car2_posY	car2_nextY	car2_spawnTargetY	car2_camHalfH	car2_targetVelX	car2_velX	car2_targetVelY	car2_velY	car2_heading	car2_speed	car2_state	car2_metaTile	car2_subCell	car2_terrainIdx	car2_terrainIdxPrev	car2_zVel	car2_height	car2_bounceOnLand	car2_dirByte	car2_dirBytePrev	car2_mapAttr	car2_levByte	car2_progressPrev	car2_progress	car2_progressChanged	car2_checkpointOff	car2_checkpointOffSaved	car2_isDrone	car2_lapsRemaining	car2_racePosition	car2_controlBits	car3_posXfrac	car3_nextXfrac	car3_posX	car3_nextX	car3_spawnTargetX	car3_camHalfW	car3_posYfrac	car3_nextYfrac	car3_posY	car3_nextY	car3_spawnTargetY	car3_camHalfH	car3_targetVelX	car3_velX	car3_targetVelY	car3_velY	car3_heading	car3_speed	car3_state	car3_metaTile	car3_subCell	car3_terrainIdx	car3_terrainIdxPrev	car3_zVel	car3_height	car3_bounceOnLand	car3_dirByte	car3_dirBytePrev	car3_mapAttr	car3_levByte	car3_progressPrev	car3_progress	car3_progressChanged	car3_checkpointOff	car3_checkpointOffSaved	car3_isDrone	car3_lapsRemaining	car3_racePosition	car3_controlBits
0	0	0	542	542	0	128	0	0	600	600	0	100	0	0	0	0	0	0	0	41	1795	1	1	0	0	1	34	34	2	34	28	28	1	0	0	0	4	4	0	92	92	1303	1303	0	128	114	114	603	603	0	100	0	0	1006	1006	128	1014	0	41	1539	1	1	0	0	1	34	34	0	34	16	16	1	0	0	1	2	3	40	202	202	902	902	0	128	98	98	822	822	0	100	-1138	-1138	0	0	192	1146	0	17	1030	1	1	0	0	1	32	32	1	192	22	22	1	0	0	1	2	1	40	144	144	1163	1163	0	128	62	62	823	823	0	100	-1072	-1072	0	154	192	1080	0	21	262	1	1	0	0	1	32	32	2	0	19	19	1	0	0	1	2	2	40
1	0	0	542	542	0	128	0	0	600	600	0	100	0	0	0	0	0	0	0	41	1795	1	1	0	0	1	34	34	2	34	28	28	1	0	0	0	4	4	0	92	92	1303	1303	0	128	96	96	607	607	0	100	0	0	1006	1006	128	1014	0	41	1539	1	1	0	0	1	34	34	0	34	16	16	1	0	0	1	2	3	40	88	88	898	898	0	128	98	98	822	822	0	100	-1138	-1138	0	0	192	1146	0	17	1030	1	1	0	0	1	32	32	1	192	22	22	1	0	0	1	2	1	40	96	96	1159	1159	0	128	142	142	823	823	0	100	-1072	-1072	0	80	192	1080	0	21	6	1	1	0	0	1	32	32	2	0	19	19	1	0	0	1	2	2	40
2	0	0	542	542	0	128	0	0	600	600	0	100	0	0	0	0	0	0	0	41	1795	1	1	0	0	1	34	34	2	34	28	28	1	0	0	0	4	4	0	92	92	1303	1303	0	128	96	96	607	607	0	100	0	0	1006	1006	128	1014	0	41	1539	1	1	0	0	1	34	34	0	34	16	16	1	0	0	1	2	3	40	88	88	898	898	0	128	98	98	822	822	0	100	-1138	-1138	0	0	192	1146	0	17	1030	1	1	0	0	1	32	32	1	192	22	22	1	0	0	1	2	1	40	96	96	1159	1159	0	128	142	142	823	823	0	100	-1072	-1072	0	80	192	1080	0	21	6	1	1	0	0	1	32	32	2	0	19	19	1	0	0	1	2	2	40
3	0	0	542	542	0	128	0	0	600	600	0	100	0	0	0	0	0	0	0	41	1795	1	1	0	0	1	34	34	2	34	28	28	1	0	0	0	4	4	0	92	92	1303	1303	0	128	96	96	607	607	0	100	0	0	1006	1006	128	1014	0	41	1539	1	1	0	0	1	34	34	0	34	16	16	1	0	0	1	2	3	40	88	88	898	898	0	128	98	98	822	822	0	100	-1138	-1138	0	0	192	1146	0	17	1030	1	1	0	0	1	32	32	1	192	22	22	1	0	0	1	2	1	40	96	96	1159	1159	0	128	142	142	823	823	0	100	-1072	-1072	0	80	192	1080	0	21	6	1	1	0	0	1	32	32	2	0	19	19	1	0	0	1	2	2	40
4	0	0	542	542	0	128	0	0	600	600	0	100	0	0	0	0	0	0	0	41	1795	1	1	0	0	1	34	34	2	34	28	28	1	0	0	0	4	4	0	92	92	1303	1303	0	128	96	96	607	607	0	100	0	0	1006	1006	128	1014	0	41	1539	1	1	0	0	1	34	34	0	34	16	16	1	0	0	1	2	3	40	88	88	898	898	0	128	98	98	822	822	0	100	-1138	-1138	0	0	192	1146	0	17	1030	1	1	0	0	1	32	32	1	192	22	22	1	0	0	1	2	1	40	96	96	1159	1159	0	128	142	142	823	823	0	100	-1072	-1072	0	80	192	1080	0	21	6	1	1	0	0	1	32	32	2	0	19	19	1	0	0	1	2	2	40
5	0	0	542	542	0	128	0	0	600	600	0	100	0	0	0	0	0	0	0	41	1795	1	1	0	0	1	34	34	2	34	28	28	1	0	0	0	4	4	0	92	92	1303	1303	0	128	96	96	607	607	0	100	0	0	1006	1006	128	1014	0	41	1539	1	1	0	0	1	34	34	0	34	16	16	1	0	0	1	2	3	40	88	88	898	898	0	128	98	98	822	822	0	100	-1138	-1138	0	0	192	1146	0	17	1030	1	1	0	0	1	32	32	1	192	22	22	1	0	0	1	2	1	40	96	96	1159	1159	0	128	142	142	823	823	0	100	-1072	-1072	0	80	192	1080	0	21	6	1	1	0	0	1	32	32	2	0	19	19	1	0	0	1	2	2	40
6	0	0	542	542	0	128	0	0	600	600	0	100	0	0	0	0	0	0	0	41	1795	1	1	0	0	1	34	34	2	34	28	28	1	0	0	0	4	4	0	92	92	1303	1303	0	128	78	78	611	611	0	100	0	0	1006	1006	128	1014	0	41	1540	1	1	0	0	1	34	34	0	34	16	16	1	0	0	1	2	3	40	230	230	893	893	0	128	98	98	822	822	0	100	-1138	-1138	0	0	192	1146	0	17	774	1	1	0	0	1	32	32	1	192	22	22	1	0	0	1	2	1	40	48	48	1155	1155	0	128	142	142	823	823	0	100	-1072	-1072	0	0	192	1080	0	21	6	1	1	0	0	1	32	32	2	0	19	19	1	0	0	1	2	2	40
7	0	0	542	542	0	128	0	0	600	600	0	100	0	0	0	0	0	0	0	41	1795	1	1	0	0	1	34	34	2	34	28	28	1	0	0	0	4	4	0	92	92	1303	1303	0	128	78	78	611	611	0	100	0	0	1006	1006	128	1014	0	41	1540	1	1	0	0	1	34	34	0	34	16	16	1	0	0	1	2	3	40	230	230	893	893	0	128	98	98	822	822	0	100	-1138	-1138	0	0	192	1146	0	17	774	1	1	0	0	1	32	32	1	192	22	22	1	0	0	1	2	1	40	48	48	1155	1155	0	128	142	142	823	823	0	100	-1072	-1072	0	0	192	1080	0	21	6	1	1	0	0	1	32	32	2	0	19	19	1	0	0	1	2	2	40
8	0	0	542	542	0	128	0	0	600	600	0	100	0	0	0	0	0	0	0	41	1795	1	1	0	0	1	34	34	2	34	28	28	1	0	0	0	4	4	0	92	92	1303	1303	0	128	78	78	611	611	0	100	0	0	1006	1006	128	1014	0	41	1540	1	1	0	0	1	34	34	0	34	16	16	1	0	0	1	2	3	40	230	230	893	893	0	128	98	98	822	822	0	100	-1138	-1138	0	0	192	1146	0	17	774	1	1	0	0	1	32	32	1	192	22	22	1	0	0	1	2	1	40	48	48	1155	1155	0	128	142	142	823	823	0	100	-1072	-1072	0	0	192	1080	0	21	6	1	1	0	0	1	32	32	2	0	19	19	1	0	0	1	2	2	40
9	0	0	542	542	0	128	0	0	600	600	0	100	0	0	0	0	0	0	0	41	1795	1	1	0	0	1	34	34	2	34	28	28	1	0	0	0	4	4	0	92	92	1303	1303	0	128	78	78	611	611	0	100	0	0	1006	1006	128	1014	0	41	1540	1	1	0	0	1	34	34	0	34	16	16	1	0	0	1	2	3	40	230	230	893	893	0	128	98	98	822	822	0	100	-1138	-1138	0	0	192	1146	0	17	774	1	1	0	0	1	32	32	1	192	22	22	1	0	0	1	2	1	40	48	48	1155	1155	0	128	142	142	823	823	0	100	-1072	-1072	0	0	192	1080	0	21	6	1	1	0	0	1	32	32	2	0	19	19	1	0	0	1	2	2	40
10	0	0	542	542	0	128	0	0	600	600	0	100	0	0	0	0	0	0	0	41	1795	1	1	0	0	1	34	34	2	34	28	28	1	0	0	0	4	4	0	92	92	1303	1303	0	128	78	78	611	611	0	100	0	0	1006	1006	128	1014	0	41	1540	1	1	0	0	1	34	34	0	34	16	16	1	0	0	1	2	3	40	230	230	893	893	0	128	98	98	822	822	0	100	-1138	-1138	0	0	192	1146	0	17	774	1	1	0	0	1	32	32	1	192	22	22	1	0	0	1	2	1	40	48	48	1155	1155	0	128	142	142	823	823	0	100	-1072	-1072	0	0	192	1080	0	21	6	1	1	0	0	1	32	32	2	0	19	19	1	0	0	1	2	2	40
11	0	0	542	542	0	128	0	0	600	600	0	100	0	0	0	0	0	0	0	41	1795	1	1	0	0	1	34	34	2	34	28	28	1	0	0	0	4	4	0	92	92	1303	1303	0	128	60	60	615	615	0	100	0	0	1006	1006	128	1014	0	41	1540	1	1	0	0	1	34	34	0	34	16	16	1	0	0	1	2	3	40	116	116	889	889	0	128	98	98	822	822	0	100	-1138	-1138	0	0	192	1146	0	17	774	1	1	0	0	1	32	32	1	192	22	22	1	0	0	1	2	1	40	0	0	1151	1151	0	128	142	142	823	823	0	100	-1072	-1072	0	0	192	1080	0	21	2822	1	1	0	0	1	32	32	2	0	19	20	1	0	0	1	2	2	40
12	0	0	542	542	0	128	0	0	600	600	0	100	0	0	0	0	0	0	0	41	1795	1	1	0	0	1	34	34	2	34	28	28	1	0	0	0	4	4	0	92	92	1303	1303	0	128	60	60	615	615	0	100	0	0	1006	1006	128	1014	0	41	1540	1	1	0	0	1	34	34	0	34	16	16	1	0	0	1	2	3	40	116	116	889	889	0	128	98	98	822	822	0	100	-1138	-1138	0	0	192	1146	0	17	774	1	1	0	0	1	32	32	1	192	22	22	1	0	0	1	2	1	40	0	0	1151	1151	0	128	142	142	823	823	0	100	-1072	-1072	0	0	192	1080	0	21	2822	1	1	0	0	1	32	32	2	0	19	20	1	0	0	1	2	2	40
13	0	0	542	542	0	128	0	0	600	600	0	100	0	0	0	0	0	0	0	41	1795	1	1	0	0	1	34	34	2	34	28	28	1	0	0	0	4	4	0	92	92	1303	1303	0	128	60	60	615	615	0	100	0	0	1006	1006	128	1014	0	41	1540	1	1	0	0	1	34	34	0	34	16	16	1	0	0	1	2	3	40	116	116	889	889	0	128	98	98	822	822	0	100	-1138	-1138	0	0	192	1146	0	17	774	1	1	0	0	1	32	32	1	192	22	22	1	0	0	1	2	1	40	0	0	1151	1151	0	128	142	142	823	823	0	100	-1072	-1072	0	0	192	1080	0	21	2822	1	1	0	0	1	32	32	2	0	19	20	1	0	0	1	2	2	40
14	0	0	542	542	0	128	0	0	600	600	0	100	0	0	0	0	0	0	0	41	1795	1	1	0	0	1	34	34	2	34	28	28	1	0	0	0	4	4	0	92	92	1303	1303	0	128	60	60	615	615	0	100	0	0	1006	1006	128	1014	0	41	1540	1	1	0	0	1	34	34	0	34	16	16	1	0	0	1	2	3	40	116	116	889	889	0	128	98	98	822	822	0	100	-1138	-1138	0	0	192	1146	0	17	774	1	1	0	0	1	32	32	1	192	22	22	1	0	0	1	2	1	40	0	0	1151	1151	0	128	142	142	823	823	0	100	-1072	-1072	0	0	192	1080	0	21	2822	1	1	0	0	1	32	32	2	0	19	20	1	0	0	1	2	2	40
15	0	0	542	542	0	128	0	0	600	600	0	100	0	0	0	0	0	0	0	41	1795	1	1	0	0	1	34	34	2	34	28	28	1	0	0	0	4	4	0	92	92	1303	1303	0	128	60	60	615	615	0	100	0	0	1006	1006	128	1014	0	41	1540	1	1	0	0	1	34	34	0	34	16	16	1	0	0	1	2	3	40	116	116	889	889	0	128	98	98	822	822	0	100	-1138	-1138	0	0	192	1146	0	17	774	1	1	0	0	1	32	32	1	192	22	22	1	0	0	1	2	1	40	0	0	1151	1151	0	128	142	142	823	823	0	100	-1072	-1072	0	0	192	1080	0	21	2822	1	1	0	0	1	32	32	2	0	19	20	1	0	0	1	2	2	40
16	0	0	542	542	0	128	0	0	600	600	0	100	0	0	0	0	0	0	0	41	1795	1	1	0	0	1	34	34	2	34	28	28	1	0	0	0	4	4	0	92	92	1303	1303	0	128	60	60	615	615	0	100	0	0	1006	1006	128	1014	0	41	1540	1	1	0	0	1	34	34	0	34	16	16	1	0	0	1	2	3	40	116	116	889	889	0	128	98	98	822	822	0	100	-1138	-1138	0	0	192	1146	0	17	774	1	1	0	0	1	32	32	1	192	22	22	1	0	0	1	2	1	40	0	0	1151	1151	0	128	142	142	823	823	0	100	-1072	-1072	0	0	192	1080	0	21	2822	1	1	0	0	1	32	32	2	0	19	20	1	0	0	1	2	2	40
17	0	0	542	542	0	128	0	0	600	600	0	100	0	0	0	0	0	0	0	41	1795	1	1	0	0	1	34	34	2	34	28	28	1	0	0	0	4	4	0	92	92	1303	1303	0	128	42	42	619	619	0	100	0	0	1006	1006	128	1014	0	41	1541	1	1	0	0	1	34	34	0	34	16	16	1	0	0	1	2	3	40	2	2	885	885	0	128	98	98	822	822	0	100	-1138	-1138	0	0	192	1146	0	17	518	1	1	0	0	1	32	32	1	192	22	22	1	0	0	1	2	1	40	208	208	1146	1146	0	128	142	142	823	823	0	100	-1072	-1072	0	0	192	1080	0	21	2822	1	1	0	0	1	32	32	2	0	20	20	1	0	0	1	2	2	40
18	0	0	542	542	0	128	0	0	600	600	0	100	0	0	0	0	0	0	0	41	1795	1	1	0	0	1	34	34	2	34	28	28	1	0	0	0	4	4	0	92	92	1303	1303	0	128	42	42	619	619	0	100	0	0	1006	1006	128	1014	0	41	1541	1	1	0	0	1	34	34	0	34	16	16	1	0	0	1	2	3	40	2	2	885	885	0	128	98	98	822	822	0	100	-1138	-1138	0	0	192	1146	0	17	518	1	1	0	0	1	32	32	1	192	22	22	1	0	0	1	2	1	40	208	208	1146	1146	0	128	142	142	823	823	0	100	-1072	-1072	0	0	192	1080	0	21	2822	1	1	0	0	1	32	32	2	0	20	20	1	0	0	1	2	2	40
19	0	0	542	542	0	128	0	0	600	600	0	100	0	0	0	0	0	0	0	41	1795	1	1	0	0	1	34	34	2	34	28	28	1	0	0	0	4	4	0	92	92	1303	1303	0	128	42	42	619	619	0	100	0	0	1006	1006	128	1014	0	41	1541	1	1	0	0	1	34	34	0	34	16	16	1	0	0	1	2	3	40	2	2	885	885	0	128	98	98	822	822	0	100	-1138	-1138	0	0	192	1146	0	17	518	1	1	0	0	1	32	32	1	192	22	22	1	0	0	1	2	1	40	208	208	1146	1146	0	128	142	142	823	823	0	100	-1072	-1072	0	0	192	1080	0	21	2822	1	1	0	0	1	32	32	2	0	20	20	1	0	0	1	2	2	40
20	0	0	542	542	0	128	0	0	600	600	0	100	0	0	0	0	0	0	0	41	1795	1	1	0	0	1	34	34	2	34	28	28	1	0	0	0	4	4	0	92	92	1303	1303	0	128	42	42	619	619	0	100	0	0	1006	1006	128	1014	0	41	1541	1	1	0	0	1	34	34	0	34	16	16	1	0	0	1	2	3	40	2	2	885	885	0	128	98	98	822	822	0	100	-1138	-1138	0	0	192	1146	0	17	518	1	1	0	0	1	32	32	1	192	22	22	1	0	0	1	2	1	40	208	208	1146	1146	0	128	142	142	823	823	0	100	-1072	-1072	0	0	192	1080	0	21	2822	1	1	0	0	1	32	32	2	0	20	20	1	0	0	1	2	2	40
21	0	0	542	542	0	128	0	0	600	600	0	100	0	0	0	0	0	0	0	41	1795	1	1	0	0	1	34	34	2	34	28	28	1	0	0	0	4	4	0	92	92	1303	1303	0	128	42	42	619	619	0	100	0	0	1006	1006	128	1014	0	41	1541	1	1	0	0	1	34	34	0	34	16	16	1	0	0	1	2	3	40	2	2	885	885	0	128	98	98	822	822	0	100	-1138	-1138	0	0	192	1146	0	17	518	1	1	0	0	1	32	32	1	192	22	22	1	0	0	1	2	1	40	208	208	1146	1146	0	128	142	142	823	823	0	100	-1072	-1072	0	0	192	1080	0	21	2822	1	1	0	0	1	32	32	2	0	20	20	1	0	0	1	2	2	40
22	0	0	542	542	0	128	0	0	600	600	0	100	0	0	0	0	0	0	0	41	1795	1	1	0	0	1	34	34	2	34	28	28	1	0	0	0	4	4	0	92	92	1303	1303	0	128	24	24	623	623	0	100	0	0	1006	1006	128	1014	0	41	1541	1	1	0	0	1	34	34	0	34	16	16	1	0	0	1	2	3	40	144	144	880	880	0	128	98	98	822	822	0	100	-1138	-1138	0	0	192	1146	0	17	518	1	1	0	0	1	32	32	1	192	22	22	1	0	0	1	2	1	40	160	160	1142	1142	0	128	142	142	823	823	0	100	-1072	-1072	0	0	192	1080	0	21	2566	1	1	0	0	1	32	32	2	0	20	20	1	0	0	1	2	2	40
23	0	0	542	542	0	128	0	0	600	600	0	100	0	0	0	0	0	0	0	41	1795	1	1	0	0	1	34	34	2	34	28	28	1	0	0	0	4	4	0	92	92	1303	1303	0	128	24	24	623	623	0	100	0	0	1006	1006	128	1014	0	41	1541	1	1	0	0	1	34	34	0	34	16	16	1	0	0	1	2	3	40	144	144	880	880	0	128	98	98	822	822	0	100	-1138	-1138	0	0	192	1146	0	17	518	1	1	0	0	1	32	32	1	192	22	22	1	0	0	1	2	1	40	160	160	1142	1142	0	128	142	142	823	823	0	100	-1072	-1072	0	0	192	1080	0	21	2566	1	1	0	0	1	32	32	2	0	20	20	1	0	0	1	2	2	40
24	0	0	542	542	0	128	0	0	600	600	0	100	0	0	0	0	0	0	0	41	1795	1	1	0	0	1	34	34	2	34	28	28	1	0	0	0	4	4	0	92	92	1303	1303	0	128	24	24	623	623	0	100	0	0	1006	1006	128	1014	0	41	1541	1	1	0	0	1	34	34	0	34	16	16	1	0	0	1	2	3	40	144	144	880	880	0	128	98	98	822	822	0	100	-1138	-1138	0	0	192	1146	0	17	518	1	1	0	0	1	32	32	1	192	22	22	1	0	0	1	2	1	40	160	160	1142	1142	0	128	142	142	823	823	0	100	-1072	-1072	0	0	192	1080	0	21	2566	1	1	0	0	1	32	32	2	0	20	20	1	0	0	1	2	2	40
25	0	0	542	542	0	128	0	0	600	600	0	100	0	0	0	0	0	0	0	41	1795	1	1	0	0	1	34	34	2	34	28	28	1	0	0	0	4	4	0	92	92	1303	1303	0	128	24	24	623	623	0	100	0	0	1006	1006	128	1014	0	41	1541	1	1	0	0	1	34	34	0	34	16	16	1	0	0	1	2	3	40	144	144	880	880	0	128	98	98	822	822	0	100	-1138	-1138	0	0	192	1146	0	17	518	1	1	0	0	1	32	32	1	192	22	22	1	0	0	1	2	1	40	160	160	1142	1142	0	128	142	142	823	823	0	100	-1072	-1072	0	0	192	1080	0	21	2566	1	1	0	0	1	32	32	2	0	20	20	1	0	0	1	2	2	40
26	0	0	542	542	0	128	0	0	600	600	0	100	0	0	0	0	0	0	0	41	1795	1	1	0	0	1	34	34	2	34	28	28	1	0	0	0	4	4	0	92	92	1303	1303	0	128	24	24	623	623	0	100	0	0	1006	1006	128	1014	0	41	1541	1	1	0	0	1	34	34	0	34	16	16	1	0	0	1	2	3	40	144	144	880	880	0	128	98	98	822	822	0	100	-1138	-1138	0	0	192	1146	0	17	518	1	1	0	0	1	32	32	1	192	22	22	1	0	0	1	2	1	40	160	160	1142	1142	0	128	142	142	823	823	0	100	-1072	-1072	0	0	192	1080	0	21	2566	1	1	0	0	1	32	32	2	0	20	20	1	0	0	1	2	2	40
27	0	0	542	542	0	128	0	0	600	600	0	100	0	0	0	0	0	0	0	41	1795	1	1	0	0	1	34	34	2	34	28	28	1	0	0	0	4	4	0	92	92	1303	1303	0	128	6	6	627	627	0	100	0	0	1006	1006	128	1014	0	41	1542	1	1	0	0	1	34	34	0	34	16	16	1	0	0	1	2	3	40	30	30	876	876	0	128	98	98	822	822	0	100	-1138	-1138	0	0	192	1146	0	17	262	1	1	0	0	1	32	32	1	192	22	22	1	0	0	1	2	1	40	112	112	1138	1138	0	128	142	142	823	823	0	100	-1072	-1072	0	0	192	1080	0	21	2566	1	1	0	0	1	32	32	2	0	20	20	1	0	0	1	2	2	40
28	0	0	542	542	0	128	0	0	600	600	0	100	0	0	0	0	0	0	0	41	1795	1	1	0	0	1	34	34	2	34	28	28	1	0	0	0	4	4	0	92	92	1303	1303	0	128	6	6	627	627	0	100	0	0	1006	1006	128	1014	0	41	1542	1	1	0	0	1	34	34	0	34	16	16	1	0	0	1	2	3	40	30	30	876	876	0	128	98	98	822	822	0	100	-1138	-1138	0	0	192	1146	0	17	262	1	1	0	0	1	32	32	1	192	22	22	1	0	0	1	2	1	40	112	112	1138	1138	0	128	142	142	823	823	0	100	-1072	-1072	0	0	192	1080	0	21	2566	1	1	0	0	1	32	32	2	0	20	20	1	0	0	1	2	2	40
29	0	0	542	542	0	128	0	0	600	600	0	100	0	0	0	0	0	0	0	41	1795	1	1	0	0	1	34	34	2	34	28	28	1	0	0	0	4	4	0	92	92	1303	1303	0	128	6	6	627	627	0	100	0	0	1006	1006	128	1014	0	41	1542	1	1	0	0	1	34	34	0	34	16	16	1	0	0	1	2	3	40	30	30	876	876	0	128	98	98	822	822	0	100	-1138	-1138	0	0	192	1146	0	17	262	1	1	0	0	1	32	32	1	192	22	22	1	0	0	1	2	1	40	112	112	1138	1138	0	128	142	142	823	823	0	100	-1072	-1072	0	0	192	1080	0	21	2566	1	1	0	0	1	32	32	2	0	20	20	1	0	0	1	2	2	40
30	0	0	542	542	0	128	0	0	600	600	0	100	0	0	0	0	0	0	0	41	1795	1	1	0	0	1	34	34	2	34	28	28	1	0	0	0	4	4	0	92	92	1303	1303	0	128	6	6	627	627	0	100	0	0	1006	1006	128	1014	0	41	1542	1	1	0	0	1	34	34	0	34	16	16	1	0	0	1	2	3	40	30	30	876	876	0	128	98	98	822	822	0	100	-1138	-1138	0	0	192	1146	0	17	262	1	1	0	0	1	32	32	1	192	22	22	1	0	0	1	2	1	40	112	112	1138	1138	0	128	142	142	823	823	0	100	-1072	-1072	0	0	192	1080	0	21	2566	1	1	0	0	1	32	32	2	0	20	20	1	0	0	1	2	2	40
31	0	0	542	542	0	128	0	0	600	600	0	100	0	0	0	0	0	0	0	41	1795	1	1	0	0	1	34	34	2	34	28	28	1	0	0	0	4	4	0	92	92	1303	1303	0	128	6	6	627	627	0	100	0	0	1006	1006	128	1014	0	41	1542	1	1	0	0	1	34	34	0	34	16	16	1	0	0	1	2	3	40	30	30	876	876	0	128	98	98	822	822	0	100	-1138	-1138	0	0	192	1146	0	17	262	1	1	0	0	1	32	32	1	192	22	22	1	0	0	1	2	1	40	112	112	1138	1138	0	128	142	142	823	823	0	100	-1072	-1072	0	0	192	1080	0	21	2566	1	1	0	0	1	32	32	2	0	20	20	1	0	0	1	2	2	40
32	0	0	542	542	0	128	0	0	600	600	0	100	0	0	0	0	0	0	0	41	1795	1	1	0	0	1	34	34	2	34	28	28	1	0	0	0	4	4	0	92	92	1303	1303	0	128	244	244	630	630	0	100	0	0	1006	1006	128	1014	0	41	1542	1	1	0	0	1	34	34	0	34	16	16	1	0	0	1	2	3	40	172	172	871	871	0	128	98	98	822	822	0	100	-1138	-1138	0	0	192	1146	0	17	6	1	1	0	0	1	32	32	1	192	22	22	1	0	0	1	2	1	40	64	64	1134	1134	0	128	142	142	823	823	0	100	-1072	-1072	0	0	192	1080	0	21	2310	1	1	0	0	1	32	32	2	0	20	20	1	0	0	1	2	2	40
33	0	0	542	542	0	128	0	0	600	600	0	100	0	0	0	0	0	0	0	41	1795	1	1	0	0	1	34	34	2	34	28	28	1	0	0	0	4	4	0	92	92	1303	1303	0	128	244	244	630	630	0	100	0	0	1006	1006	128	1014	0	41	1542	1	1	0	0	1	34	34	0	34	16	16	1	0	0	1	2	3	40	172	172	871	871	0	128	98	98	822	822	0	100	-1138	-1138	0	0	192	1146	0	17	6	1	1	0	0	1	32	32	1	192	22	22	1	0	0	1	2	1	40	64	64	1134	1134	0	128	142	142	823	823	0	100	-1072	-1072	0	0	192	1080	0	21	2310	1	1	0	0	1	32	32	2	0	20	20	1	0	0	1	2	2	40
34	0	0	542	542	0	128	0	0	600	600	0	100	0	0	0	0	0	0	0	41	1795	1	1	0	0	1	34	34	2	34	28	28	1	0	0	0	4	4	0	92	92	1303	1303	0	128	244	244	630	630	0	100	0	0	1006	1006	128	1014	0	41	1542	1	1	0	0	1	34	34	0	34	16	16	1	0	0	1	2	3	40	172	172	871	871	0	128	98	98	822	822	0	100	-1138	-1138	0	0	192	1146	0	17	6	1	1	0	0	1	32	32	1	192	22	22	1	0	0	1	2	1	40	64	64	1134	1134	0	128	142	142	823	823	0	100	-1072	-1072	0	0	192	1080	0	21	2310	1	1	0	0	1	32	32	2	0	20	20	1	0	0	1	2	2	40
35	0	0	542	542	0	128	0	0	600	600	0	100	0	0	0	0	0	0	0	41	1795	1	1	0	0	1	34	34	2	34	28	28	1	0	0	0	4	4	0	92	92	1303	1303	0	128	244	244	630	630	0	100	0	0	1006	1006	128	1014	0	41	1542	1	1	0	0	1	34	34	0	34	16	16	1	0	0	1	2	3	40	172	172	871	871	0	128	98	98	822	822	0	100	-1138	-1138	0	0	192	1146	0	17	6	1	1	0	0	1	32	32	1	192	22	22	1	0	0	1	2	1	40	64	64	1134	1134	0	128	142	142	823	823	0	100	-1072	-1072	0	0	192	1080	0	21	2310	1	1	0	0	1	32	32	2	0	20	20	1	0	0	1	2	2	40
36	0	0	542	542	0	128	0	0	600	600	0	100	0	0	0	0	0	0	0	41	1795	1	1	0	0	1	34	34	2	34	28	28	1	0	0	0	4	4	0	92	92	1303	1303	0	128	244	244	630	630	0	100	0	0	1006	1006	128	1014	0	41	1542	1	1	0	0	1	34	34	0	34	16	16	1	0	0	1	2	3	40	172	172	871	871	0	128	98	98	822	822	0	100	-1138	-1138	0	0	192	1146	0	17	6	1	1	0	0	1	32	32	1	192	22	22	1	0	0	1	2	1	40	64	64	1134	1134	0	128	142	142	823	823	0	100	-1072	-1072	0	0	192	1080	0	21	2310	1	1	0	0	1	32	32	2	0	20	20	1	0	0	1	2	2	40
37	0	0	542	542	0	128	0	0	600	600	0	100	0	0	0	0	0	0	0	41	1795	1	1	0	0	1	34	34	2	34	28	28	1	0	0	0	4	4	0	92	92	1303	1303	0	128	244	244	630	630	0	100	0	0	1006	1006	128	1014	0	41	1542	1	1	0	0	1	34	34	0	34	16	16	1	0	0	1	2	3	40	172	172	871	871	0	128	98	98	822	822	0	100	-1138	-1138	0	0	192	1146	0	17	6	1	1	0	0	1	32	32	1	192	22	22	1	0	0	1	2	1	40	64	64	1134	1134	0	128	142	142	823	823	0	100	-1072	-1072	0	0	192	1080	0	21	2310	1	1	0	0	1	32	32	2	0	20	20	1	0	0	1	2	2	40
38	0	0	542	542	0	128	0	0	600	600	0	100	0	0	0	0	0	0	0	41	1795	1	1	0	0	1	34	34	2	34	28	28	1	0	0	0	4	4	0	92	92	1303	1303	0	128	226	226	634	634	0	100	0	0	1006	1006	128	1014	0	41	1543	1	1	0	0	1	34	34	0	34	16	16	1	0	0	1	2	3	40	58	58	867	867	0	128	98	98	822	822	0	100	-1138	-1138	0	0	192	1146	0	17	6	1	1	0	0	1	32	32	1	192	22	22	1	0	0	1	2	1	40	16	16	1130	1130	0	128	142	142	823	823	0	100	-1072	-1072	0	0	192	1080	0	21	2310	1	1	0	0	1	32	32	2	0	20	20	1	0	0	1	2	2	40
39	0	0	542	542	0	128	0	0	600	600	0	100	0	0	0	0	0	0	0	41	1795	1	1	0	0	1	34	34	2	34	28	28	1	0	0	0	4	4	0	92	92	1303	1303	0	128	226	226	634	634	0	100	0	0	1006	1006	128	1014	0	41	1543	1	1	0	0	1	34	34	0	34	16	16	1	0	0	1	2	3	40	58	58	867	867	0	128	98	98	822	822	0	100	-1138	-1138	0	0	192	1146	0	17	6	1	1	0	0	1	32	32	1	192	22	22	1	0	0	1	2	1	40	16	16	1130	1130	0	128	142	142	823	823	0	100	-1072	-1072	0	0	192	1080	0	21	2310	1	1	0	0	1	32	32	2	0	20	20	1	0	0	1	2	2	40
40	0	0	542	542	0	128	0	0	600	600	0	100	0	0	0	0	0	0	0	41	1795	1	1	0	0	1	34	34	2	34	28	28	1	0	0	0	4	4	0	92	92	1303	1303	0	128	226	226	634	634	0	100	0	0	1006	1006	128	1014	0	41	1543	1	1	0	0	1	34	34	0	34	16	16	1	0	0	1	2	3	40	58	58	867	867	0	128	98	98	822	822	0	100	-1138	-1138	0	0	192	1146	0	17	6	1	1	0	0	1	32	32	1	192	22	22	1	0	0	1	2	1	40	16	16	1130	1130	0	128	142	142	823	823	0	100	-1072	-1072	0	0	192	1080	0	21	2310	1	1	0	0	1	32	32	2	0	20	20	1	0	0	1	2	2	40
41	0	0	542	542	0	128	0	0	600	600	0	100	0	0	0	0	0	0	0	41	1795	1	1	0	0	1	34	34	2	34	28	28	1	0	0	0	4	4	0	92	92	1303	1303	0	128	226	226	634	634	0	100	0	0	1006	1006	128	1014	0	41	1543	1	1	0	0	1	34	34	0	34	16	16	1	0	0	1	2	3	40	58	58	867	867	0	128	98	98	822	822	0	100	-1138	-1138	0	0	192	1146	0	17	6	1	1	0	0	1	32	32	1	192	22	22	1	0	0	1	2	1	40	16	16	1130	1130	0	128	142	142	823	823	0	100	-1072	-1072	0	0	192	1080	0	21	2310	1	1	0	0	1	32	32	2	0	20	20	1	0	0	1	2	2	40
42	0	0	542	542	0	128	0	0	600	600	0	100	0	0	0	0	0	0	0	41	1795	1	1	0	0	1	34	34	2	34	28	28	1	0	0	0	4	4	0	92	92	1303	1303	0	128	226	226	634	634	0	100	0	0	1006	1006	128	1014	0	41	1543	1	1	0	0	1	34	34	0	34	16	16	1	0	0	1	2	3	40	58	58	867	867	0	128	98	98	822	822	0	100	-1138	-1138	0	0	192	1146	0	17	6	1	1	0	0	1	32	32	1	192	22	22	1	0	0	1	2	1	40	16	16	1130	1130	0	128	142	142	823	823	0	100	-1072	-1072	0	0	192	1080	0	21	2310	1	1	0	0	1	32	32	2	0	20	20	1	0	0	1	2	2	40
43	0	0	542	542	0	128	0	0	600	600	0	100	0	0	0	0	0	0	0	41	1795	1	1	0	0	1	34	34	2	34	28	28	1	0	0	0	4	4	0	92	92	1303	1303	0	128	208	208	638	638	0	100	0	0	1006	1006	128	1014	0	41	1543	1	1	0	0	1	34	34	0	34	16	16	1	0	0	1	2	3	40	200	200	862	862	0	128	98	98	822	822	0	100	-1138	-1138	0	0	192	1146	0	21	2822	1	1	0	0	1	32	32	2	0	22	23	1	0	0	1	2	1	40	224	224	1125	1125	0	128	142	142	823	823	0	100	-1072	-1072	0	0	192	1080	0	21	2054	1	1	0	0	1	32	32	2	0	20	20	1	0	0	1	2	2	40
44	0	0	542	542	0	128	0	0	600	600	0	100	0	0	0	0	0	0	0	41	1795	1	1	0	0	1	34	34	2	34	28	28	1	0	0	0	4	4	0	92	92	1303	1303	0	128	208	208	638	638	0	100	0	0	1006	1006	128	1014	0	41	1543	1	1	0	0	1	34	34	0	34	16	16	1	0	0	1	2	3	40	200	200	862	862	0	128	98	98	822	822	0	100	-1138	-1138	0	0	192	1146	0	21	2822	1	1	0	0	1	32	32	2	0	22	23	1	0	0	1	2	1	40	224	224	1125	1125	0	128	142	142	823	823	0	100	-1072	-1072	0	0	192	1080	0	21	2054	1	1	0	0	1	32	32	2	0	20	20	1	0	0	1	2	2	40
45	0	0	542	542	0	128	0	0	600	600	0	100	0	0	0	0	0	0	0	41	1795	1	1	0	0	1	34	34	2	34	28	28	1	0	0	0	4	4	0	92	92	1303	1303	0	128	208	208	638	638	0	100	0	0	1006	1006	128	1014	0	41	1543	1	1	0	0	1	34	34	0	34	16	16	1	0	0	1	2	3	40	200	200	862	862	0	128	98	98	822	822	0	100	-1138	-1138	0	0	192	1146	0	21	2822	1	1	0	0	1	32	32	2	0	22	23	1	0	0	1	2	1	40	224	224	1125	1125	0	128	142	142	823	823	0	100	-1072	-1072	0	0	192	1080	0	21	2054	1	1	0	0	1	32	32	2	0	20	20	1	0	0	1	2	2	40
46	0	0	542	542	0	128	0	0	600	600	0	100	0	0	0	0	0	0	0	41	1795	1	1	0	0	1	34	34	2	34	28	28	1	0	0	0	4	4	0	92	92	1303	1303	0	128	208	208	638	638	0	100	0	0	1006	1006	128	1014	0	41	1543	1	1	0	0	1	34	34	0	34	16	16	1	0	0	1	2	3	40	200	200	862	862	0	128	98	98	822	822	0	100	-1138	-1138	0	0	192	1146	0	21	2822	1	1	0	0	1	32	32	2	0	22	23	1	0	0	1	2	1	40	224	224	1125	1125	0	128	142	142	823	823	0	100	-1072	-1072	0	0	192	1080	0	21	2054	1	1	0	0	1	32	32	2	0	20	20	1	0	0	1	2	2	40
47	0	0	542	542	0	128	0	0	600	600	0	100	0	0	0	0	0	0	0	41	1795	1	1	0	0	1	34	34	2	34	28	28	1	0	0	0	4	4	0	92	92	1303	1303	0	128	208	208	638	638	0	100	0	0	1006	1006	128	1014	0	41	1543	1	1	0	0	1	34	34	0	34	16	16	1	0	0	1	2	3	40	200	200	862	862	0	128	98	98	822	822	0	100	-1138	-1138	0	0	192	1146	0	21	2822	1	1	0	0	1	32	32	2	0	22	23	1	0	0	1	2	1	40	224	224	1125	1125	0	128	142	142	823	823	0	100	-1072	-1072	0	0	192	1080	0	21	2054	1	1	0	0	1	32	32	2	0	20	20	1	0	0	1	2	2	40
48	0	0	542	542	0	128	0	0	600	600	0	100	0	0	0	0	0	0	0	41	1795	1	1	0	0	1	34	34	2	34	28	28	1	0	0	0	4	4	0	92	92	1303	1303	0	128	190	190	642	642	0	100	0	0	1006	1006	128	1014	0	41	1544	1	1	0	0	1	34	34	0	34	16	16	1	0	0	1	2	3	40	86	86	858	858	0	128	98	98	822	822	0	100	-1138	-1138	0	0	192	1146	0	21	2822	1	1	0	0	1	32	32	2	0	23	23	1	0	0	1	2	1	40	176	176	1121	1121	0	128	142	142	823	823	0	100	-1072	-1072	0	0	192	1080	0	21	2054	1	1	0	0	1	32	32	2	0	20	20	1	0	0	1	2	2	40
49	0	0	542	542	0	128	0	0	600	600	0	100	0	0	0	0	0	0	0	41	1795	1	1	0	0	1	34	34	2	34	28	28	1	0	0	0	4	4	0	92	92	1303	1303	0	128	190	190	642	642	0	100	0	0	1006	1006	128	1014	0	41	1544	1	1	0	0	1	34	34	0	34	16	16	1	0	0	1	2	3	40	86	86	858	858	0	128	98	98	822	822	0	100	-1138	-1138	0	0	192	1146	0	21	2822	1	1	0	0	1	32	32	2	0	23	23	1	0	0	1	2	1	40	176	176	1121	1121	0	128	142	142	823	823	0	100	-1072	-1072	0	0	192	1080	0	21	2054	1	1	0	0	1	32	32	2	0	20	20	1	0	0	1	2	2	40
50	0	0	542	542	0	128	0	0	600	600	0	100	0	0	0	0	0	0	0	41	1795	1	1	0	0	1	34	34	2	34	28	28	1	0	0	0	4	4	0	92	92	1303	1303	0	128	190	190	642	642	0	100	0	0	1006	1006	128	1014	0	41	1544	1	1	0	0	1	34	34	0	34	16	16	1	0	0	1	2	3	40	86	86	858	858	0	128	98	98	822	822	0	100	-1138	-1138	0	0	192	1146	0	21	2822	1	1	0	0	1	32	32	2	0	23	23	1	0	0	1	2	1	40	176	176	1121	1121	0	128	142	142	823	823	0	100	-1072	-1072	0	0	192	1080	0	21	2054	1	1	0	0	1	32	32	2	0	20	20	1	0	0	1	2	2	40
51	0	0	542	542	0	128	0	0	600	600	0	100	0	0	0	0	0	0	0	41	1795	1	1	0	0	1	34	34	2	34	28	28	1	0	0	0	4	4	0	92	92	1303	1303	0	128	190	190	642	642	0	100	0	0	1006	1006	128	1014	0	41	1544	1	1	0	0	1	34	34	0	34	16	16	1	0	0	1	2	3	40	86	86	858	858	0	128	98	98	822	822	0	100	-1138	-1138	0	0	192	1146	0	21	2822	1	1	0	0	1	32	32	2	0	23	23	1	0	0	1	2	1	40	176	176	1121	1121	0	128	142	142	823	823	0	100	-1072	-1072	0	0	192	1080	0	21	2054	1	1	0	0	1	32	32	2	0	20	20	1	0	0	1	2	2	40
52	0	0	542	542	0	128	0	0	600	600	0	100	0	0	0	0	0	0	0	41	1795	1	1	0	0	1	34	34	2	34	28	28	1	0	0	0	4	4	0	92	92	1303	1303	0	128	190	190	642	642	0	100	0	0	1006	1006	128	1014	0	41	1544	1	1	0	0	1	34	34	0	34	16	16	1	0	0	1	2	3	40	86	86	858	858	0	128	98	98	822	822	0	100	-1138	-1138	0	0	192	1146	0	21	2822	1	1	0	0	1	32	32	2	0	23	23	1	0	0	1	2	1	40	176	176	1121	1121	0	128	142	142	823	823	0	100	-1072	-1072	0	0	192	1080	0	21	2054	1	1	0	0	1	32	32	2	0	20	20	1	0	0	1	2	2	40
53	0	0	542	542	0	128	0	0	600	600	0	100	0	0	0	0	0	0	0	41	1795	1	1	0	0	1	34	34	2	34	28	28	1	0	0	0	4	4	0	92	92	1303	1303	0	128	190	190	642	642	0	100	0	0	1006	1006	128	1014	0	41	1544	1	1	0	0	1	34	34	0	34	16	16	1	0	0	1	2	3	40	86	86	858	858	0	128	98	98	822	822	0	100	-1138	-1138	0	0	192	1146	0	21	2822	1	1	0	0	1	32	32	2	0	23	23	1	0	0	1	2	1	40	176	176	1121	1121	0	128	142	142	823	823	0	100	-1072	-1072	0	0	192	1080	0	21	2054	1	1	0	0	1	32	32	2	0	20	20	1	0	0	1	2	2	40
54	0	0	542	542	0	128	0	0	600	600	0	100	0	0	0	0	0	0	0	41	1795	1	1	0	0	1	34	34	2	34	28	28	1	0	0	0	4	4	0	92	92	1303	1303	0	128	172	172	646	646	0	100	0	0	1006	1006	128	1014	0	41	1544	1	1	0	0	1	34	34	0	34	16	16	1	0	0	1	2	3	40	228	228	853	853	0	128	98	98	822	822	0	100	-1138	-1138	0	0	192	1146	0	21	2566	1	1	0	0	1	32	32	2	0	23	23	1	0	0	1	2	1	40	128	128	1117	1117	0	128	142	142	823	823	0	100	-1072	-1072	0	0	192	1080	0	21	1798	1	1	0	0	1	32	32	2	0	20	20	1	0	0	1	2	2	40
55	0	0	542	542	0	128	0	0	600	600	0	100	0	0	0	0	0	0	0	41	1795	1	1	0	0	1	34	34	2	34	28	28	1	0	0	0	4	4	0	92	92	1303	1303	0	128	172	172	646	646	0	100	0	0	1006	1006	128	1014	0	41	1544	1	1	0	0	1	34	34	0	34	16	16	1	0	0	1	2	3	40	228	228	853	853	0	128	98	98	822	822	0	100	-1138	-1138	0	0	192	1146	0	21	2566	1	1	0	0	1	32	32	2	0	23	23	1	0	0	1	2	1	40	128	128	1117	1117	0	128	142	142	823	823	0	100	-1072	-1072	0	0	192	1080	0	21	1798	1	1	0	0	1	32	32	2	0	20	20	1	0	0	1	2	2	40
56	0	0	542	542	0	128	0	0	600	600	0	100	0	0	0	0	0	0	0	41	1795	1	1	0	0	1	34	34	2	34	28	28	1	0	0	0	4	4	0	92	92	1303	1303	0	128	172	172	646	646	0	100	0	0	1006	1006	128	1014	0	41	1544	1	1	0	0	1	34	34	0	34	16	16	1	0	0	1	2	3	40	228	228	853	853	0	128	98	98	822	822	0	100	-1138	-1138	0	0	192	1146	0	21	2566	1	1	0	0	1	32	32	2	0	23	23	1	0	0	1	2	1	40	128	128	1117	1117	0	128	142	142	823	823	0	100	-1072	-1072	0	0	192	1080	0	21	1798	1	1	0	0	1	32	32	2	0	20	20	1	0	0	1	2	2	40
57	0	0	542	542	0	128	0	0	600	600	0	100	0	0	0	0	0	0	0	41	1795	1	1	0	0	1	34	34	2	34	28	28	1	0	0	0	4	4	0	92	92	1303	1303	0	128	172	172	646	646	0	100	0	0	1006	1006	128	1014	0	41	1544	1	1	0	0	1	34	34	0	34	16	16	1	0	0	1	2	3	40	228	228	853	853	0	128	98	98	822	822	0	100	-1138	-1138	0	0	192	1146	0	21	2566	1	1	0	0	1	32	32	2	0	23	23	1	0	0	1	2	1	40	128	128	1117	1117	0	128	142	142	823	823	0	100	-1072	-1072	0	0	192	1080	0	21	1798	1	1	0	0	1	32	32	2	0	20	20	1	0	0	1	2	2	40
58	0	0	542	542	0	128	0	0	600	600	0	100	0	0	0	0	0	0	0	41	1795	1	1	0	0	1	34	34	2	34	28	28	1	0	0	0	4	4	0	92	92	1303	1303	0	128	172	172	646	646	0	100	0	0	1006	1006	128	1014	0	41	1544	1	1	0	0	1	34	34	0	34	16	16	1	0	0	1	2	3	40	228	228	853	853	0	128	98	98	822	822	0	100	-1138	-1138	0	0	192	1146	0	21	2566	1	1	0	0	1	32	32	2	0	23	23	1	0	0	1	2	1	40	128	128	1117	1117	0	128	142	142	823	823	0	100	-1072	-1072	0	0	192	1080	0	21	1798	1	1	0	0	1	32	32	2	0	20	20	1	0	0	1	2	2	40
59	0	0	542	542	0	128	0	0	600	600	0	100	0	0	0	0	0	0	0	41	1795	1	1	0	0	1	34	34	2	34	28	28	1	0	0	0	4	4	0	92	92	1303	1303	0	128	154	154	650	650	0	100	0	0	1006	1006	128	1014	0	41	1545	1	1	0	0	1	34	34	0	34	16	16	1	0	0	1	2	3	40	114	114	849	849	0	128	98	98	822	822	0	100	-1138	-1138	0	0	192	1146	0	21	2566	1	1	0	0	1	32	32	2	0	23	23	1	0	0	1	2	1	40	80	80	1113	1113	0	128	142	142	823	823	0	100	-1072	-1072	0	0	192	1080	0	21	1798	1	1	0	0	1	32	32	2	0	20	20	1	0	0	1	2	2	40
60	0	0	542	542	0	128	0	0	600	600	0	100	0	0	0	0	0	0	0	41	1795	1	1	0	0	1	34	34	2	34	28	28	1	0	0	0	4	4	0	92	92	1303	1303	0	128	154	154	650	650	0	100	0	0	1006	1006	128	1014	0	41	1545	1	1	0	0	1	34	34	0	34	16	16	1	0	0	1	2	3	40	114	114	849	849	0	128	98	98	822	822	0	100	-1138	-1138	0	0	192	1146	0	21	2566	1	1	0	0	1	32	32	2	0	23	23	1	0	0	1	2	1	40	80	80	1113	1113	0	128	142	142	823	823	0	100	-1072	-1072	0	0	192	1080	0	21	1798	1	1	0	0	1	32	32	2	0	20	20	1	0	0	1	2	2	40
61	0	0	542	542	0	128	0	0	600	600	0	100	0	0	0	0	0	0	0	41	1795	1	1	0	0	1	34	34	2	34	28	28	1	0	0	0	4	4	0	92	92	1303	1303	0	128	154	154	650	650	0	100	0	0	1006	1006	128	1014	0	41	1545	1	1	0	0	1	34	34	0	34	16	16	1	0	0	1	2	3	40	114	114	849	849	0	128	98	98	822	822	0	100	-1138	-1138	0	0	192	1146	0	21	2566	1	1	0	0	1	32	32	2	0	23	23	1	0	0	1	2	1	40	80	80	1113	1113	0	128	142	142	823	823	0	100	-1072	-1072	0	0	192	1080	0	21	1798	1	1	0	0	1	32	32	2	0	20	20	1	0	0	1	2	2	40
62	0	0	542	542	0	128	0	0	600	600	0	100	0	0	0	0	0	0	0	41	1795	1	1	0	0	1	34	34	2	34	28	28	1	0	0	0	4	4	0	92	92	1303	1303	0	128	154	154	650	650	0	100	0	0	1006	1006	128	1014	0	41	1545	1	1	0	0	1	34	34	0	34	16	16	1	0	0	1	2	3	40	114	114	849	849	0	128	98	98	822	822	0	100	-1138	-1138	0	0	192	1146	0	21	2566	1	1	0	0	1	32	32	2	0	23	23	1	0	0	1	2	1	40	80	80	1113	1113	0	128	142	142	823	823	0	100	-1072	-1072	0	0	192	1080	0	21	1798	1	1	0	0	1	32	32	2	0	20	20	1	0	0	1	2	2	40
63	0	0	542	542	0	128	0	0	600	600	0	100	0	0	0	0	0	0	0	41	1795	1	1	0	0	1	34	34	2	34	28	28	1	0	0	0	4	4	0	92	92	1303	1303	0	128	154	154	650	650	0	100	0	0	1006	1006	128	1014	0	41	1545	1	1	0	0	1	34	34	0	34	16	16	1	0	0	1	2	3	40	114	114	849	849	0	128	98	98	822	822	0	100	-1138	-1138	0	0	192	1146	0	21	2566	1	1	0	0	1	32	32	2	0	23	23	1	0	0	1	2	1	40	80	80	1113	1113	0	128	142	142	823	823	0	100	-1072	-1072	0	0	192	1080	0	21	1798	1	1	0	0	1	32	32	2	0	20	20	1	0	0	1	2	2	40
64	0	0	542	542	0	128	0	0	600	600	0	100	0	0	0	0	0	0	0	41	1795	1	1	0	0	1	34	34	2	34	28	28	1	0	0	0	4	4	0	92	92	1303	1303	0	128	136	136	654	654	0	100	0	0	1006	1006	128	1014	0	41	1545	1	1	0	0	1	34	34	0	34	16	16	1	0	0	1	2	3	40	0	0	845	845	0	128	98	98	822	822	0	100	-1138	-1138	0	0	192	1146	0	21	2310	1	1	0	0	1	32	32	2	0	23	23	1	0	0	1	2	1	40	32	32	1109	1109	0	128	142	142	823	823	0	100	-1072	-1072	0	0	192	1080	0	21	1542	1	1	0	0	1	32	32	2	0	20	20	1	0	0	1	2	2	40
65	0	0	542	542	0	128	0	0	600	600	0	100	0	0	0	0	0	0	0	41	1795	1	1	0	0	1	34	34	2	34	28	28	1	0	0	0	4	4	0	92	92	1303	1303	0	128	136	136	654	654	0	100	0	0	1006	1006	128	1014	0	41	1545	1	1	0	0	1	34	34	0	34	16	16	1	0	0	1	2	3	40	0	0	845	845	0	128	98	98	822	822	0	100	-1138	-1138	0	0	192	1146	0	21	2310	1	1	0	0	1	32	32	2	0	23	23	1	0	0	1	2	1	40	32	32	1109	1109	0	128	142	142	823	823	0	100	-1072	-1072	0	0	192	1080	0	21	1542	1	1	0	0	1	32	32	2	0	20	20	1	0	0	1	2	2	40
66	0	0	542	542	0	128	0	0	600	600	0	100	0	0	0	0	0	0	0	41	1795	1	1	0	0	1	34	34	2	34	28	28	1	0	0	0	4	4	0	92	92	1303	1303	0	128	136	136	654	654	0	100	0	0	1006	1006	128	1014	0	41	1545	1	1	0	0	1	34	34	0	34	16	16	1	0	0	1	2	3	40	0	0	845	845	0	128	98	98	822	822	0	100	-1138	-1138	0	0	192	1146	0	21	2310	1	1	0	0	1	32	32	2	0	23	23	1	0	0	1	2	1	40	32	32	1109	1109	0	128	142	142	823	823	0	100	-1072	-1072	0	0	192	1080	0	21	1542	1	1	0	0	1	32	32	2	0	20	20	1	0	0	1	2	2	40
67	0	0	542	542	0	128	0	0	600	600	0	100	0	0	0	0	0	0	0	41	1795	1	1	0	0	1	34	34	2	34	28	28	1	0	0	0	4	4	0	92	92	1303	1303	0	128	136	136	654	654	0	100	0	0	1006	1006	128	1014	0	41	1545	1	1	0	0	1	34	34	0	34	16	16	1	0	0	1	2	3	40	0	0	845	845	0	128	98	98	822	822	0	100	-1138	-1138	0	0	192	1146	0	21	2310	1	1	0	0	1	32	32	2	0	23	23	1	0	0	1	2	1	40	32	32	1109	1109	0	128	142	142	823	823	0	100	-1072	-1072	0	0	192	1080	0	21	1542	1	1	0	0	1	32	32	2	0	20	20	1	0	0	1	2	2	40
68	0	0	542	542	0	128	0	0	600	600	0	100	0	0	0	0	0	0	0	41	1795	1	1	0	0	1	34	34	2	34	28	28	1	0	0	0	4	4	0	92	92	1303	1303	0	128	136	136	654	654	0	100	0	0	1006	1006	128	1014	0	41	1545	1	1	0	0	1	34	34	0	34	16	16	1	0	0	1	2	3	40	0	0	845	845	0	128	98	98	822	822	0	100	-1138	-1138	0	0	192	1146	0	21	2310	1	1	0	0	1	32	32	2	0	23	23	1	0	0	1	2	1	40	32	32	1109	1109	0	128	142	142	823	823	0	100	-1072	-1072	0	0	192	1080	0	21	1542	1	1	0	0	1	32	32	2	0	20	20	1	0	0	1	2	2	40
69	0	0	542	542	0	128	0	0	600	600	0	100	0	0	0	0	0	0	0	41	1795	1	1	0	0	1	34	34	2	34	28	28	1	0	0	0	4	4	0	92	92	1303	1303	0	128	136	136	654	654	0	100	0	0	1006	1006	128	1014	0	41	1545	1	1	0	0	1	34	34	0	34	16	16	1	0	0	1	2	3	40	0	0	845	845	0	128	98	98	822	822	0	100	-1138	-1138	0	0	192	1146	0	21	2310	1	1	0	0	1	32	32	2	0	23	23	1	0	0	1	2	1	40	32	32	1109	1109	0	128	142	142	823	823	0	100	-1072	-1072	0	0	192	1080	0	21	1542	1	1	0	0	1	32	32	2	0	20	20	1	0	0	1	2	2	0
70	0	0	542	542	0	128	0	0	600	600	0	100	0	0	0	0	0	0	0	41	1795	1	1	0	0	1	34	34	2	34	28	28	1	0	0	0	4	4	0	92	92	1303	1303	0	128	118	118	658	658	0	100	0	0	1006	1006	128	1014	0	41	1546	1	1	0	0	1	34	34	0	34	16	16	1	0	0	1	2	3	40	142	142	840	840	0	128	98	98	822	822	0	100	-1138	-1138	0	0	192	1146	0	21	2310	1	1	0	0	1	32	32	2	0	23	23	1	0	0	1	2	1	40	240	240	1104	1104	0	128	142	142	823	823	0	100	-1072	-1072	0	0	192	1080	0	21	1542	1	1	0	0	1	32	32	2	0	20	20	1	0	0	1	2	2	40
71	0	0	542	542	0	128	0	0	600	600	0	100	0	0	0	0	0	0	0	41	1795	1	1	0	0	1	34	34	2	34	28	28	1	0	0	0	4	4	0	92	92	1303	1303	0	128	118	118	658	658	0	100	0	0	1006	1006	128	1014	0	41	1546	1	1	0	0	1	34	34	0	34	16	16	1	0	0	1	2	3	40	142	142	840	840	0	128	98	98	822	822	0	100	-1138	-1138	0	0	192	1146	0	21	2310	1	1	0	0	1	32	32	2	0	23	23	1	0	0	1	2	1	40	240	240	1104	1104	0	128	142	142	823	823	0	100	-1072	-1072	0	0	192	1080	0	21	1542	1	1	0	0	1	32	32	2	0	20	20	1	0	0	1	2	2	40
72	0	0	542	542	0	128	0	0	600	600	0	100	0	0	0	0	0	0	0	41	1795	1	1	0	0	1	34	34	2	34	28	28	1	0	0	0	4	4	0	92	92	1303	1303	0	128	118	118	658	658	0	100	0	0	1006	1006	128	1014	0	41	1546	1	1	0	0	1	34	34	0	34	16	16	1	0	0	1	2	3	40	142	142	840	840	0	128	98	98	822	822	0	100	-1138	-1138	0	0	192	1146	0	21	2310	1	1	0	0	1	32	32	2	0	23	23	1	0	0	1	2	1	40	240	240	1104	1104	0	128	142	142	823	823	0	100	-1072	-1072	0	0	192	1080	0	21	1542	1	1	0	0	1	32	32	2	0	20	20	1	0	0	1	2	2	40
73	0	0	542	542	0	128	0	0	600	600	0	100	0	0	0	0	0	0	0	41	1795	1	1	0	0	1	34	34	2	34	28	28	1	0	0	0	4	4	0	92	92	1303	1303	0	128	118	118	658	658	0	100	0	0	1006	1006	128	1014	0	41	1546	1	1	0	0	1	34	34	0	34	16	16	1	0	0	1	2	3	40	142	142	840	840	0	128	98	98	822	822	0	100	-1138	-1138	0	0	192	1146	0	21	2310	1	1	0	0	1	32	32	2	0	23	23	1	0	0	1	2	1	40	240	240	1104	1104	0	128	142	142	823	823	0	100	-1072	-1072	0	0	192	1080	0	21	1542	1	1	0	0	1	32	32	2	0	20	20	1	0	0	1	2	2	40
74	0	0	542	542	0	128	0	0	600	600	0	100	0	0	0	0	0	0	0	41	1795	1	1	0	0	1	34	34	2	34	28	28	1	0	0	0	4	4	0	92	92	1303	1303	0	128	118	118	658	658	0	100	0	0	1006	1006	128	1014	0	41	1546	1	1	0	0	1	34	34	0	34	16	16	1	0	0	1	2	3	40	142	142	840	840	0	128	98	98	822	822	0	100	-1138	-1138	0	0	192	1146	0	21	2310	1	1	0	0	1	32	32	2	0	23	23	1	0	0	1	2	1	40	240	240	1104	1104	0	128	142	142	823	823	0	100	-1072	-1072	0	0	192	1080	0	21	1542	1	1	0	0	1	32	32	2	0	20	20	1	0	0	1	2	2	40
75	0	0	542	542	0	128	0	0	600	600	0	100	0	0	0	0	0	0	0	41	1795	1	1	0	0	1	34	34	2	34	28	28	1	0	0	0	4	4	0	92	92	1303	1303	0	128	100	100	662	662	0	100	0	0	1006	1006	128	1014	0	41	1546	1	1	0	0	1	34	34	0	34	16	16	1	0	0	1	2	3	40	28	28	836	836	0	128	98	98	822	822	0	100	-1138	-1138	0	0	192	1146	0	21	2054	1	1	0	0	1	32	32	2	0	23	23	1	0	0	1	2	1	40	192	192	1100	1100	0	128	142	142	823	823	0	100	-1072	-1072	0	0	192	1080	0	21	1286	1	1	0	0	1	32	32	2	0	20	20	1	0	0	1	2	2	40
76	0	0	542	542	0	128	0	0	600	600	0	100	0	0	0	0	0	0	0	41	1795	1	1	0	0	1	34	34	2	34	28	28	1	0	0	0	4	4	0	92	92	1303	1303	0	128	100	100	662	662	0	100	0	0	1006	1006	128	1014	0	41	1546	1	1	0	0	1	34	34	0	34	16	16	1	0	0	1	2	3	40	28	28	836	836	0	128	98	98	822	822	0	100	-1138	-1138	0	0	192	1146	0	21	2054	1	1	0	0	1	32	32	2	0	23	23	1	0	0	1	2	1	40	192	192	1100	1100	0	128	142	142	823	823	0	100	-1072	-1072	0	0	192	1080	0	21	1286	1	1	0	0	1	32	32	2	0	20	20	1	0	0	1	2	2	40
77	0	0	542	542	0	128	0	0	600	600	0	100	0	0	0	0	0	0	0	41	1795	1	1	0	0	1	34	34	2	34	28	28	1	0	0	0	4	4	0	92	92	1303	1303	0	128	100	100	662	662	0	100	0	0	1006	1006	128	1014	0	41	1546	1	1	0	0	1	34	34	0	34	16	16	1	0	0	1	2	3	40	28	28	836	836	0	128	98	98	822	822	0	100	-1138	-1138	0	0	192	1146	0	21	2054	1	1	0	0	1	32	32	2	0	23	23	1	0	0	1	2	1	40	192	192	1100	1100	0	128	142	142	823	823	0	100	-1072	-1072	0	0	192	1080	0	21	1286	1	1	0	0	1	32	32	2	0	20	20	1	0	0	1	2	2	40
78	0	0	542	542	0	128	0	0	600	600	0	100	0	0	0	0	0	0	0	41	1795	1	1	0	0	1	34	34	2	34	28	28	1	0	0	0	4	4	0	92	92	1303	1303	0	128	100	100	662	662	0	100	0	0	1006	1006	128	1014	0	41	1546	1	1	0	0	1	34	34	0	34	16	16	1	0	0	1	2	3	40	28	28	836	836	0	128	98	98	822	822	0	100	-1138	-1138	0	0	192	1146	0	21	2054	1	1	0	0	1	32	32	2	0	23	23	1	0	0	1	2	1	40	192	192	1100	1100	0	128	142	142	823	823	0	100	-1072	-1072	0	0	192	1080	0	21	1286	1	1	0	0	1	32	32	2	0	20	20	1	0	0	1	2	2	40
79	0	0	542	542	0	128	0	0	600	600	0	100	0	0	0	0	0	0	0	41	1795	1	1	0	0	1	34	34	2	34	28	28	1	0	0	0	4	4	0	92	92	1303	1303	0	128	100	100	662	662	0	100	0	0	1006	1006	128	1014	0	41	1546	1	1	0	0	1	34	34	0	34	16	16	1	0	0	1	2	3	40	28	28	836	836	0	128	98	98	822	822	0	100	-1138	-1138	0	0	192	1146	0	21	2054	1	1	0	0	1	32	32	2	0	23	23	1	0	0	1	2	1	40	192	192	1100	1100	0	128	142	142	823	823	0	100	-1072	-1072	0	0	192	1080	0	21	1286	1	1	0	0	1	32	32	2	0	20	20	1	0	0	1	2	2	40
80	0	0	542	542	0	128	0	0	600	600	0	100	0	0	0	0	0	0	0	41	1795	1	1	0	0	1	34	34	2	34	28	28	1	0	0	0	4	4	0	92	92	1303	1303	0	128	82	82	666	666	0	100	0	0	1006	1006	128	1014	0	41	1547	1	1	0	0	1	34	34	0	34	16	16	1	0	0	1	2	3	40	170	170	831	831	0	128	98	98	822	822	0	100	-1138	-1138	0	0	192	1146	0	21	1798	1	1	0	0	1	32	32	2	0	23	23	1	0	0	1	2	1	40	144	144	1096	1096	0	128	142	142	823	823	0	100	-1072	-1072	0	0	192	1080	0	21	1286	1	1	0	0	1	32	32	2	0	20	20	1	0	0	1	2	2	40
81	0	0	542	542	0	128	0	0	600	600	0	100	0	0	0	0	0	0	0	41	1795	1	1	0	0	1	34	34	2	34	28	28	1	0	0	0	4	4	0	92	92	1303	1303	0	128	82	82	666	666	0	100	0	0	1006	1006	128	1014	0	41	1547	1	1	0	0	1	34	34	0	34	16	16	1	0	0	1	2	3	40	170	170	831	831	0	128	98	98	822	822	0	100	-1138	-1138	0	0	192	1146	0	21	1798	1	1	0	0	1	32	32	2	0	23	23	1	0	0	1	2	1	40	144	144	1096	1096	0	128	142	142	823	823	0	100	-1072	-1072	0	0	192	1080	0	21	1286	1	1	0	0	1	32	32	2	0	20	20	1	0	0	1	2	2	40
82	0	0	542	542	0	128	0	0	600	600	0	100	0	0	0	0	0	0	0	41	1795	1	1	0	0	1	34	34	2	34	28	28	1	0	0	0	4	4	0	92	92	1303	1303	0	128	82	82	666	666	0	100	0	0	1006	1006	128	1014	0	41	1547	1	1	0	0	1	34	34	0	34	16	16	1	0	0	1	2	3	40	170	170	831	831	0	128	98	98	822	822	0	100	-1138	-1138	0	0	192	1146	0	21	1798	1	1	0	0	1	32	32	2	0	23	23	1	0	0	1	2	1	40	144	144	1096	1096	0	128	142	142	823	823	0	100	-1072	-1072	0	0	192	1080	0	21	1286	1	1	0	0	1	32	32	2	0	20	20	1	0	0	1	2	2	40
83	0	0	542	542	0	128	0	0	600	600	0	100	0	0	0	0	0	0	0	41	1795	1	1	0	0	1	34	34	2	34	28	28	1	0	0	0	4	4	0	92	92	1303	1303	0	128	82	82	666	666	0	100	0	0	1006	1006	128	1014	0	41	1547	1	1	0	0	1	34	34	0	34	16	16	1	0	0	1	2	3	40	170	170	831	831	0	128	98	98	822	822	0	100	-1138	-1138	0	0	192	1146	0	21	1798	1	1	0	0	1	32	32	2	0	23	23	1	0	0	1	2	1	40	144	144	1096	1096	0	128	142	142	823	823	0	100	-1072	-1072	0	0	192	1080	0	21	1286	1	1	0	0	1	32	32	2	0	20	20	1	0	0	1	2	2	40
84	0	0	542	542	0	128	0	0	600	600	0	100	0	0	0	0	0	0	0	41	1795	1	1	0	0	1	34	34	2	34	28	28	1	0	0	0	4	4	0	92	92	1303	1303	0	128	82	82	666	666	0	100	0	0	1006	1006	128	1014	0	41	1547	1	1	0	0	1	34	34	0	34	16	16	1	0	0	1	2	3	40	170	170	831	831	0	128	98	98	822	822	0	100	-1138	-1138	0	0	192	1146	0	21	1798	1	1	0	0	1	32	32	2	0	23	23	1	0	0	1	2	1	40	144	144	1096	1096	0	128	142	142	823	823	0	100	-1072	-1072	0	0	192	1080	0	21	1286	1	1	0	0	1	32	32	2	0	20	20	1	0	0	1	2	2	40
85	0	0	542	542	0	128	0	0	600	600	0	100	0	0	0	0	0	0	0	41	1795	1	1	0	0	1	34	34	2	34	28	28	1	0	0	0	4	4	0	92	92	1303	1303	0	128	64	64	670	670	0	100	0	0	1006	1006	128	1014	0	41	1547	1	1	0	0	1	34	34	0	34	16	16	1	0	0	1	2	3	40	56	56	827	827	0	128	98	98	822	822	0	100	-1138	-1138	0	0	192	1146	0	21	1798	1	1	0	0	1	32	32	2	0	23	23	1	0	0	1	2	1	40	96	96	1092	1092	0	128	142	142	823	823	0	100	-1072	-1072	0	0	192	1080	0	21	1030	1	1	0	0	1	32	32	2	0	20	20	1	0	0	1	2	2	40
86	0	0	542	542	0	128	0	0	600	600	0	100	0	0	0	0	0	0	0	41	1795	1	1	0	0	1	34	34	2	34	28	28	1	0	0	0	4	4	0	92	92	1303	1303	0	128	64	64	670	670	0	100	0	0	1006	1006	128	1014	0	41	1547	1	1	0	0	1	34	34	0	34	16	16	1	0	0	1	2	3	40	56	56	827	827	0	128	98	98	822	822	0	100	-1138	-1138	0	0	192	1146	0	21	1798	1	1	0	0	1	32	32	2	0	23	23	1	0	0	1	2	1	40	96	96	1092	1092	0	128	142	142	823	823	0	100	-1072	-1072	0	0	192	1080	0	21	1030	1	1	0	0	1	32	32	2	0	20	20	1	0	0	1	2	2	40
87	0	0	542	542	0	128	0	0	600	600	0	100	0	0	0	0	0	0	0	41	1795	1	1	0	0	1	34	34	2	34	28	28	1	0	0	0	4	4	0	92	92	1303	1303	0	128	64	64	670	670	0	100	0	0	1006	1006	128	1014	0	41	1547	1	1	0	0	1	34	34	0	34	16	16	1	0	0	1	2	3	40	56	56	827	827	0	128	98	98	822	822	0	100	-1138	-1138	0	0	192	1146	0	21	1798	1	1	0	0	1	32	32	2	0	23	23	1	0	0	1	2	1	40	96	96	1092	1092	0	128	142	142	823	823	0	100	-1072	-1072	0	0	192	1080	0	21	1030	1	1	0	0	1	32	32	2	0	20	20	1	0	0	1	2	2	40
88	0	0	542	542	0	128	0	0	600	600	0	100	0	0	0	0	0	0	0	41	1795	1	1	0	0	1	34	34	2	34	28	28	1	0	0	0	4	4	0	92	92	1303	1303	0	128	64	64	670	670	0	100	0	0	1006	1006	128	1014	0	41	1547	1	1	0	0	1	34	34	0	34	16	16	1	0	0	1	2	3	40	56	56	827	827	0	128	98	98	822	822	0	100	-1138	-1138	0	0	192	1146	0	21	1798	1	1	0	0	1	32	32	2	0	23	23	1	0	0	1	2	1	40	96	96	1092	1092	0	128	142	142	823	823	0	100	-1072	-1072	0	0	192	1080	0	21	1030	1	1	0	0	1	32	32	2	0	20	20	1	0	0	1	2	2	40
89	0	0	542	542	0	128	0	0	600	600	0	100	0	0	0	0	0	0	0	41	1795	1	1	0	0	1	34	34	2	34	28	28	1	0	0	0	4	4	0	92	92	1303	1303	0	128	64	64	670	670	0	100	0	0	1006	1006	128	1014	0	41	1547	1	1	0	0	1	34	34	0	34	16	16	1	0	0	1	2	3	40	56	56	827	827	0	128	98	98	822	822	0	100	-1138	-1138	0	0	192	1146	0	21	1798	1	1	0	0	1	32	32	2	0	23	23	1	0	0	1	2	1	40	96	96	1092	1092	0	128	142	142	823	823	0	100	-1072	-1072	0	0	192	1080	0	21	1030	1	1	0	0	1	32	32	2	0	20	20	1	0	0	1	2	2	40
90	0	0	542	542	0	128	0	0	600	600	0	100	0	0	0	0	0	0	0	41	1795	1	1	0	0	1	34	34	2	34	28	28	1	0	0	0	4	4	0	92	92	1303	1303	0	128	64	64	670	670	0	100	0	0	1006	1006	128	1014	0	41	1547	1	1	0	0	1	34	34	0	34	16	16	1	0	0	1	2	3	40	56	56	827	827	0	128	98	98	822	822	0	100	-1138	-1138	0	0	192	1146	0	21	1798	1	1	0	0	1	32	32	2	0	23	23	1	0	0	1	2	1	40	96	96	1092	1092	0	128	142	142	823	823	0	100	-1072	-1072	0	0	192	1080	0	21	1030	1	1	0	0	1	32	32	2	0	20	20	1	0	0	1	2	2	40
91	0	0	542	542	0	128	0	0	600	600	0	100	0	0	0	0	0	0	0	41	1795	1	1	0	0	1	34	34	2	34	28	28	1	0	0	0	4	4	0	92	92	1303	1303	0	128	46	46	674	674	0	100	0	0	1006	1006	128	1014	0	43	1536	1	1	0	0	1	35	34	0	99	16	17	1	0	0	1	2	3	40	198	198	822	822	0	128	98	98	822	822	0	100	-1138	-1138	0	0	192	1146	0	21	1542	1	1	0	0	1	32	32	2	0	23	23	1	0	0	1	2	1	40	48	48	1088	1088	0	128	142	142	823	823	0	100	-1072	-1072	0	0	192	1080	0	21	1030	1	1	0	0	1	32	32	2	0	20	20	1	0	0	1	2	2	40
92	0	0	542	542	0	128	0	0	600	600	0	100	0	0	0	0	0	0	0	41	1795	1	1	0	0	1	34	34	2	34	28	28	1	0	0	0	4	4	0	92	92	1303	1303	0	128	46	46	674	674	0	100	0	0	1006	1006	128	1014	0	43	1536	1	1	0	0	1	35	34	0	99	16	17	1	0	0	1	2	3	40	198	198	822	822	0	128	98	98	822	822	0	100	-1138	-1138	0	0	192	1146	0	21	1542	1	1	0	0	1	32	32	2	0	23	23	1	0	0	1	2	1	40	48	48	1088	1088	0	128	142	142	823	823	0	100	-1072	-1072	0	0	192	1080	0	21	1030	1	1	0	0	1	32	32	2	0	20	20	1	0	0	1	2	2	40
93	0	0	542	542	0	128	0	0	600	600	0	100	0	0	0	0	0	0	0	41	1795	1	1	0	0	1	34	34	2	34	28	28	1	0	0	0	4	4	0	92	92	1303	1303	0	128	46	46	674	674	0	100	0	0	1006	1006	128	1014	0	43	1536	1	1	0	0	1	35	34	0	99	16	17	1	0	0	1	2	3	40	198	198	822	822	0	128	98	98	822	822	0	100	-1138	-1138	0	0	192	1146	0	21	1542	1	1	0	0	1	32	32	2	0	23	23	1	0	0	1	2	1	40	48	48	1088	1088	0	128	142	142	823	823	0	100	-1072	-1072	0	0	192	1080	0	21	1030	1	1	0	0	1	32	32	2	0	20	20	1	0	0	1	2	2	40
94	0	0	542	542	0	128	0	0	600	600	0	100	0	0	0	0	0	0	0	41	1795	1	1	0	0	1	34	34	2	34	28	28	1	0	0	0	4	4	0	92	92	1303	1303	0	128	46	46	674	674	0	100	0	0	1006	1006	128	1014	0	43	1536	1	1	0	0	1	35	34	0	99	16	17	1	0	0	1	2	3	40	198	198	822	822	0	128	98	98	822	822	0	100	-1138	-1138	0	0	192	1146	0	21	1542	1	1	0	0	1	32	32	2	0	23	23	1	0	0	1	2	1	40	48	48	1088	1088	0	128	142	142	823	823	0	100	-1072	-1072	0	0	192	1080	0	21	1030	1	1	0	0	1	32	32	2	0	20	20	1	0	0	1	2	2	40
95	0	0	542	542	0	128	0	0	600	600	0	100	0	0	0	0	0	0	0	41	1795	1	1	0	0	1	34	34	2	34	28	28	1	0	0	0	4	4	0	92	92	1303	1303	0	128	46	46	674	674	0	100	0	0	1006	1006	128	1014	0	43	1536	1	1	0	0	1	35	34	0	99	16	17	1	0	0	1	2	3	40	198	198	822	822	0	128	98	98	822	822	0	100	-1138	-1138	0	0	192	1146	0	21	1542	1	1	0	0	1	32	32	2	0	23	23	1	0	0	1	2	1	40	48	48	1088	1088	0	128	142	142	823	823	0	100	-1072	-1072	0	0	192	1080	0	21	1030	1	1	0	0	1	32	32	2	0	20	20	1	0	0	1	2	2	40
96	0	0	542	542	0	128	0	0	600	600	0	100	0	0	0	0	0	0	0	41	1795	1	1	0	0	1	34	34	2	34	28	28	1	0	0	0	4	4	0	92	92	1303	1303	0	128	28	28	678	678	0	100	0	0	1006	1006	131	1014	0	43	1536	1	1	0	0	1	35	35	0	99	17	17	1	0	0	1	2	3	104	84	84	818	818	0	128	98	98	822	822	0	100	-1138	-1138	0	0	192	1146	0	21	1542	1	1	0	0	1	32	32	2	0	23	23	1	0	0	1	2	1	40	0	0	1084	1084	0	128	142	142	823	823	0	100	-1072	-1072	0	0	192	1080	0	21	774	1	1	0	0	1	32	32	2	0	20	20	1	0	0	1	2	2	40
97	0	0	542	542	0	128	0	0	600	600	0	100	0	0	0	0	0	0	0	41	1795	1	1	0	0	1	34	34	2	34	28	28	1	0	0	0	4	4	0	92	92	1303	1303	0	128	28	28	678	678	0	100	0	0	1006	1006	131	1014	0	43	1536	1	1	0	0	1	35	35	0	99	17	17	1	0	0	1	2	3	104	84	84	818	818	0	128	98	98	822	822	0	100	-1138	-1138	0	0	192	1146	0	21	1542	1	1	0	0	1	32	32	2	0	23	23	1	0	0	1	2	1	40	0	0	1084	1084	0	128	142	142	823	823	0	100	-1072	-1072	0	0	192	1080	0	21	774	1	1	0	0	1	32	32	2	0	20	20	1	0	0	1	2	2	40
98	0	0	542	542	0	128	0	0	600	600	0	100	0	0	0	0	0	0	0	41	1795	1	1	0	0	1	34	34	2	34	28	28	1	0	0	0	4	4	0	92	92	1303	1303	0	128	28	28	678	678	0	100	0	0	1006	1006	131	1014	0	43	1536	1	1	0	0	1	35	35	0	99	17	17	1	0	0	1	2	3	104	84	84	818	818	0	128	98	98	822	822	0	100	-1138	-1138	0	0	192	1146	0	21	1542	1	1	0	0	1	32	32	2	0	23	23	1	0	0	1	2	1	40	0	0	1084	1084	0	128	142	142	823	823	0	100	-1072	-1072	0	0	192	1080	0	21	774	1	1	0	0	1	32	32	2	0	20	20	1	0	0	1	2	2	40
99	0	0	542	542	0	128	0	0	600	600	0	100	0	0	0	0	0	0	0	41	1795	1	1	0	0	1	34	34	2	34	28	28	1	0	0	0	4	4	0	92	92	1303	1303	0	128	28	28	678	678	0	100	0	0	1006	1006	131	1014	0	43	1536	1	1	0	0	1	35	35	0	99	17	17	1	0	0	1	2	3	104	84	84	818	818	0	128	98	98	822	822	0	100	-1138	-1138	0	0	192	1146	0	21	1542	1	1	0	0	1	32	32	2	0	23	23	1	0	0	1	2	1	40	0	0	1084	1084	0	128	142	142	823	823	0	100	-1072	-1072	0	0	192	1080	0	21	774	1	1	0	0	1	32	32	2	0	20	20	1	0	0	1	2	2	40
